<?xml version="1.0" encoding="UTF-8"?>
<beans xmlns="http://www.springframework.org/schema/beans"
	xmlns:xsi="http://www.w3.org/2001/XMLSchema-instance"
	xmlns:security="http://www.springframework.org/schema/security"
	xsi:schemaLocation="http://www.springframework.org/schema/security
	 http://www.springframework.org/schema/security/spring-security.xsd
	 http://www.springframework.org/schema/beans http://www.springframework.org/schema/beans/spring-beans.xsd">

<bean id="customAccessDenied" class="com.company.security.CustomAccessDeniedHandler"></bean>
<bean id="customLoginSuccess" class="com.company.security.CustomLoginSuccessHandler"></bean>
	
	<security:http>
		<security:intercept-url pattern="/sample/all" access="permitAll"/>
		
		<security:intercept-url pattern="/sample/member" 
					access="hasRole('ROLE_MEMBER')"/>
	
		<security:intercept-url pattern="/sample/admin" 
					access="hasRole('ROLE_ADMIN')"/>
		
		<security:access-denied-handler ref="customAccessDenied" />	
		
		<security:form-login login-page="/customLogin" 
		authentication-success-handler-ref="customLoginSuccess" />
		
		<security:logout logout-url="/customLogout" invalidate-session="true" />
		
		<!-- <security:csrf disabled="true"/>  -->
		
			
	</security:http>

	<security:authentication-manager>
		<security:authentication-provider>
			<security:user-service>
				<security:user name="member" password="{noop}member" 
				               authorities="ROLE_MEMBER"/>			
				<security:user name="admin" password="{noop}admin"
				               authorities="ROLE_MEMBER, ROLE_ADMIN"/>			
			</security:user-service>
		</security:authentication-provider>
	</security:authentication-manager>
</beans>